"ID","Sex","Birthday"
1,"female","1984-08-30"
2,"F","1978-12-15"
3,"Male","1982-10-09"
4,"Male","1980-08-15"
5,"F","1980-01-12"
6,"male","1974-03-04"
7,"female","1987-06-23"
8,"M","1976-04-21"
9,"F","1979-04-21"
10,"F","1980-05-16"
11,"Female","1977-01-08"
12,"Male","1982-03-21"
13,"female","1967-03-16"
14,"M","1973-04-28"
15,"Male","1974-08-07"
16,"F","1961-04-17"
17,"Female","1985-09-22"
18,"M","1984-08-17"
19,"Female","1982-03-14"
20,"M","1970-11-20"
21,"F","1962-05-13"
22,"Male","1987-04-13"
23,"Female","1975-09-05"
24,"female","1962-07-06"
25,"male","1977-09-13"
26,"F","1988-08-23"
27,"Female","1989-05-06"
28,"Female","1984-03-07"
29,"male","1972-07-23"
30,"Male","1981-11-22"
31,"female","1979-03-09"
32,"female","1986-09-04"
33,"F","1972-11-25"
34,"Male","1978-04-05"
35,"female","1970-08-08"
36,"male","1950-02-15"
37,"Female","1986-09-05"
38,"Male","1981-02-23"
39,"male","1978-06-24"
40,"female","1988-12-31"
41,"M","1971-06-23"
42,"M","1964-08-04"
43,"M","1987-09-26"
44,"male","1976-04-13"
45,"F","1980-10-30"
46,"Male","1980-03-01"
47,"M","1975-08-27"
48,"female","1986-10-26"
49,"M","1972-05-23"
50,"Female","1975-07-12"
51,"female","1981-05-03"
52,"Female","1979-03-22"
53,"M","1960-04-27"
54,"Male","1983-12-12"
55,"female","1976-07-11"
56,"Female","1981-03-20"
57,"F","1968-06-21"
58,"Male","1975-01-20"
59,"Male","1966-01-16"
60,"male","1977-08-16"
61,"female","1982-01-15"
62,"Male","1984-06-16"
63,"female","1966-11-08"
64,"male","1987-05-12"
65,"female","1971-01-23"
66,"M","1988-06-29"
67,"female","1972-05-19"
68,"M","1984-12-13"
69,"male","1967-08-04"
70,"male","1981-04-28"
71,"female","1985-04-08"
72,"Male","1978-02-14"
73,"Female","1987-05-03"
74,"F","1985-12-19"
75,"Female","1964-10-30"
76,"female","1983-11-08"
77,"Female","1986-02-21"
78,"Female","1988-10-19"
79,"M","1969-10-13"
80,"male","1986-05-25"
81,"F","1962-06-28"
82,"female","1982-06-09"
83,"F","1959-02-26"
84,"M","1967-07-03"
85,"female","1973-11-23"
86,"F","1973-10-06"
87,"Female","1977-10-15"
88,"F","1986-04-08"
89,"female","1983-05-29"
90,"Male","1986-04-08"
91,"Male","1977-02-27"
92,"female","1976-12-18"
93,"M","1978-08-16"
94,"Male","1975-01-12"
95,"Male","1978-05-05"
96,"F","1984-07-21"
97,"male","1961-09-28"
98,"male","1977-12-03"
99,"M","1966-11-20"
100,"Male","1970-07-02"
101,"male","1960-01-31"
102,"Female","1983-03-06"
103,"Male","1956-05-29"
104,"Female","1990-05-18"
105,"female","1981-10-28"
106,"male","1989-07-11"
107,"Male","1965-06-30"
108,"M","1983-07-10"
109,"female","1971-03-25"
110,"M","1970-01-16"
111,"female","1981-05-22"
112,"Male","1973-12-18"
113,"Male","1974-01-07"
114,"Female","1976-06-19"
115,"female","1980-08-07"
116,"male","1967-02-07"
117,"female","1971-02-10"
118,"female","1986-10-24"
119,"F","1971-11-16"
120,"female","1979-05-11"
121,"F","1973-04-08"
122,"male","1974-04-27"
123,"M","1986-12-15"
124,"Male","1976-08-11"
125,"Female","1957-04-20"
126,"Female","1982-08-11"
127,"M","1968-03-27"
128,"Female","1977-10-05"
129,"F","1964-08-28"
130,"Female","1973-12-24"
131,"M","1970-10-28"
132,"Female","1980-01-15"
133,"male","1972-12-20"
134,"F","1977-09-21"
135,"male","1989-09-06"
136,"female","1975-11-15"
137,"M","1968-01-12"
138,"Female","1964-04-22"
139,"Male","1959-09-14"
140,"F","1974-05-16"
141,"F","1989-04-24"
142,"F","1967-09-28"
143,"M","1988-12-05"
144,"F","1986-12-15"
145,"M","1981-04-28"
146,"M","1981-12-18"
147,"Female","1972-12-06"
148,"Male","1990-05-14"
149,"M","1968-08-20"
150,"M","1956-03-21"
151,"Female","1968-08-11"
152,"Male","1989-05-16"
153,"male","1985-02-27"
154,"F","1982-06-09"
155,"Male","1979-12-13"
156,"F","1979-06-28"
157,"Male","1973-01-03"
158,"Female","1978-04-12"
159,"male","1974-09-25"
160,"Female","1979-04-14"
161,"Male","1975-09-22"
162,"F","1951-04-22"
163,"Female","1988-06-23"
164,"female","1978-02-17"
165,"female","1985-10-03"
166,"male","1990-02-11"
167,"M","1985-05-16"
168,"Female","1982-01-29"
169,"male","1980-12-12"
170,"F","1970-04-30"
171,"M","1975-08-06"
172,"Female","1970-10-24"
173,"female","1974-03-20"
174,"male","1974-07-30"
175,"male","1980-09-05"
176,"Male","1985-10-19"
177,"female","1968-03-04"
178,"Female","1964-11-23"
179,"Female","1977-02-09"
180,"female","1965-06-19"
181,"M","1987-11-20"
182,"male","1982-07-12"
183,"female","1963-02-10"
184,"Female","1978-09-13"
185,"female","1979-04-15"
186,"F","1984-09-25"
187,"Female","1977-12-24"
188,"Male","1988-03-01"
189,"Female","1988-06-17"
190,"M","1973-02-26"
191,"female","1980-07-08"
192,"Male","1979-08-10"
193,"Male","1982-01-25"
194,"Male","1986-11-26"
195,"F","1984-07-21"
196,"male","1983-11-23"
197,"Male","1983-11-06"
198,"Female","1978-07-02"
199,"male","1979-01-12"
200,"F","1973-09-23"
201,"female","1974-04-07"
202,"male","1964-11-16"
203,"female","1980-01-29"
204,"M","1973-01-23"
205,"M","1988-04-17"
206,"male","1978-07-02"
207,"Male","1977-08-03"
208,"Male","1967-10-20"
209,"male","1969-05-15"
210,"M","1978-02-17"
211,"F","1979-10-05"
212,"female","1973-04-29"
213,"female","1977-01-28"
214,"female","1990-10-06"
215,"Female","1979-12-31"
216,"Female","1981-04-22"
217,"Female","1980-07-12"
218,"F","1972-09-23"
219,"Female","1965-04-03"
220,"F","1966-05-04"
221,"male","1974-12-22"
222,"Male","1978-12-11"
223,"female","1954-03-09"
224,"Male","1968-02-20"
225,"F","1981-01-10"
226,"F","1988-12-15"
227,"M","1975-04-12"
228,"M","1975-06-12"
229,"Male","1975-12-22"
230,"male","1976-08-16"
231,"Male","1990-02-21"
232,"F","1988-07-07"
233,"Male","1971-07-01"
234,"Male","1967-04-13"
235,"Male","1973-06-20"
236,"F","1982-02-02"
237,"M","1988-08-24"
238,"Male","1987-10-07"
239,"Female","1967-06-10"
240,"Male","1954-10-01"
241,"M","1980-03-16"
242,"female","1973-05-17"
243,"male","1965-01-24"
244,"Male","1966-01-30"
245,"Male","1972-09-12"
246,"female","1983-05-10"
247,"male","1974-09-16"
248,"female","1980-03-29"
249,"F","1990-10-25"
250,"F","1975-06-16"
251,"Female","1984-11-14"
252,"F","1975-01-10"
253,"female","1981-09-14"
254,"female","1989-01-18"
255,"Male","1969-07-13"
256,"M","1969-07-12"
257,"male","1982-09-11"
258,"female","1978-01-11"
259,"Female","1979-06-05"
260,"Female","1982-01-23"
261,"Female","1978-12-14"
262,"male","1975-11-30"
263,"Female","1982-10-30"
264,"M","1985-08-17"
265,"M","1967-01-30"
266,"F","1981-05-31"
267,"M","1987-07-25"
268,"male","1989-06-28"
269,"M","1988-11-01"
270,"Female","1971-05-05"
271,"male","1990-11-05"
272,"F","1983-10-23"
273,"Female","1977-06-15"
274,"male","1983-08-22"
275,"male","1969-04-01"
276,"male","1980-07-05"
277,"male","1978-04-07"
278,"F","1981-10-29"
279,"female","1968-12-05"
280,"male","1986-12-06"
281,"male","1981-08-29"
282,"Female","1971-12-25"
283,"female","1981-03-28"
284,"M","1974-08-09"
285,"Male","1984-11-08"
286,"M","1983-01-08"
287,"female","1989-02-06"
288,"male","1978-03-09"
289,"M","1987-01-19"
290,"male","1980-02-10"
291,"Female","1978-04-11"
292,"M","1984-01-10"
293,"F","1974-07-13"
294,"male","1981-06-04"
295,"Male","1968-02-24"
296,"female","1968-11-20"
297,"F","1989-01-11"
298,"M","1980-09-25"
299,"Female","1983-04-25"
300,"female","1973-09-17"
301,"Female","1977-06-20"
302,"Female","1984-12-25"
303,"Male","1973-03-02"
304,"male","1974-02-11"
305,"F","1966-09-17"
306,"Female","1971-12-09"
307,"Female","1979-10-18"
308,"Female","1983-07-21"
309,"male","1977-08-23"
310,"male","1989-01-29"
311,"Male","1975-03-15"
312,"male","1975-12-01"
313,"Female","1954-11-01"
314,"Male","1985-12-15"
315,"female","1989-05-23"
316,"female","1989-11-21"
317,"F","1978-06-26"
318,"Male","1978-02-08"
319,"Female","1960-06-10"
320,"male","1974-02-11"
321,"Male","1987-07-23"
322,"male","1965-04-03"
323,"Male","1981-04-03"
324,"M","1961-06-28"
325,"M","1977-08-31"
326,"F","1966-12-02"
327,"female","1964-10-14"
328,"Female","1978-09-12"
329,"F","1978-12-13"
330,"Male","1969-07-20"
331,"F","1982-04-28"
332,"Male","1988-10-19"
333,"M","1975-01-31"
334,"Male","1980-02-01"
335,"Female","1977-07-30"
336,"male","1972-02-28"
337,"Female","1985-05-15"
338,"female","1983-03-23"
339,"female","1986-06-07"
340,"M","1988-04-17"
341,"F","1966-10-24"
342,"F","1978-06-21"
343,"F","1966-07-15"
344,"M","1977-08-03"
345,"male","1960-03-24"
346,"M","1971-03-08"
347,"M","1989-09-28"
348,"female","1986-02-06"
349,"male","1973-11-05"
350,"F","1981-05-06"
351,"female","1966-08-21"
352,"Female","1974-07-16"
353,"male","1983-09-04"
354,"M","1974-02-28"
355,"M","1971-01-02"
356,"Female","1985-06-18"
357,"male","1987-09-04"
358,"Male","1989-04-30"
359,"Male","1963-03-06"
360,"M","1972-03-07"
361,"Male","1984-07-11"
362,"female","1988-09-06"
363,"M","1970-02-24"
364,"female","1975-01-22"
365,"Male","1982-07-13"
366,"F","1980-04-14"
367,"F","1976-01-09"
368,"Female","1966-11-26"
369,"M","1977-03-24"
370,"male","1988-07-27"
371,"Female","1990-04-14"
372,"male","1984-08-13"
373,"M","1971-10-10"
374,"Female","1979-02-08"
375,"Female","1979-08-31"
376,"M","1957-07-22"
377,"Male","1979-07-26"
378,"Male","1968-12-22"
379,"Male","1987-06-12"
380,"female","1981-09-17"
381,"male","1984-06-08"
382,"male","1990-11-16"
383,"F","1982-07-28"
384,"female","1972-07-03"
385,"M","1974-01-28"
386,"Female","1983-05-16"
387,"male","1981-09-21"
388,"F","1979-03-04"
389,"Female","1970-06-27"
390,"Female","1979-08-09"
391,"F","1980-09-11"
392,"Male","1986-10-10"
393,"F","1988-11-18"
394,"female","1977-12-30"
395,"female","1969-12-11"
396,"M","1984-11-07"
397,"F","1969-09-20"
398,"male","1988-03-07"
399,"female","1984-11-21"
400,"male","1983-04-30"
401,"F","1965-08-27"
402,"Female","1969-03-24"
403,"F","1986-02-22"
404,"male","1985-04-22"
405,"Male","1968-01-03"
406,"female","1961-04-14"
407,"Male","1981-01-21"
408,"Female","1978-06-21"
409,"F","1987-10-17"
410,"Male","1985-02-10"
411,"male","1975-10-05"
412,"M","1960-04-26"
413,"female","1980-02-26"
414,"Male","1975-05-16"
415,"M","1984-05-13"
416,"female","1982-08-27"
417,"F","1979-12-16"
418,"F","1978-02-02"
419,"F","1986-12-19"
420,"Male","1981-05-20"
421,"Female","1983-10-15"
422,"Male","1983-11-21"
423,"Female","1970-08-23"
424,"F","1975-02-22"
425,"M","1981-04-08"
426,"Female","1972-12-22"
427,"F","1968-05-16"
428,"Male","1977-10-30"
429,"Male","1988-05-15"
430,"female","1974-02-13"
431,"Male","1983-06-16"
432,"Male","1977-11-29"
433,"Male","1981-09-15"
434,"male","1968-12-19"
435,"F","1983-02-17"
436,"F","1970-12-21"
437,"male","1971-05-29"
438,"F","1984-04-24"
439,"Male","1985-06-18"
440,"male","1988-07-04"
441,"M","1980-01-18"
442,"M","1975-11-09"
443,"male","1958-01-18"
444,"F","1967-07-22"
445,"F","1989-09-18"
446,"F","1989-11-28"
447,"M","1986-06-10"
448,"M","1974-11-11"
449,"M","1968-02-06"
450,"M","1979-05-20"
451,"M","1975-09-26"
452,"F","1988-01-06"
453,"F","1977-09-15"
454,"Male","1964-05-14"
455,"M","1984-12-08"
456,"male","1968-05-23"
457,"female","1989-01-24"
458,"Female","1976-03-05"
459,"M","1969-10-02"
460,"Male","1977-05-20"
461,"M","1990-02-21"
462,"Male","1973-12-02"
463,"M","1982-04-30"
464,"Female","1980-10-27"
465,"Female","1979-07-06"
466,"female","1983-09-07"
467,"F","1956-03-01"
468,"male","1984-06-13"
469,"F","1982-06-04"
470,"M","1963-06-11"
471,"M","1982-02-03"
472,"M","1990-07-05"
473,"female","1979-11-16"
474,"male","1951-07-21"
475,"Male","1987-06-28"
476,"Male","1983-07-23"
477,"female","1962-11-18"
478,"female","1976-12-30"
479,"F","1979-11-21"
480,"female","1969-11-09"
481,"Male","1972-11-12"
482,"M","1989-10-06"
483,"Male","1989-09-17"
484,"Female","1971-11-02"
485,"Female","1962-08-27"
486,"Female","1985-12-03"
487,"F","1972-06-24"
488,"male","1971-06-25"
489,"Male","1983-08-27"
490,"Female","1982-05-08"
491,"Male","1979-08-26"
492,"M","1970-10-23"
493,"female","1988-01-14"
494,"M","1984-10-13"
495,"F","1971-05-20"
496,"Female","1974-04-28"
497,"male","1942-02-05"
498,"male","1973-12-29"
499,"Male","1978-06-16"
500,"Male","1964-06-04"
501,"M","1978-01-10"
502,"F","1979-11-20"
503,"male","1969-03-29"
504,"F","1988-09-25"
505,"F","1983-08-03"
506,"Female","1979-12-08"
507,"M","1981-03-18"
508,"F","1978-04-30"
509,"F","1972-04-02"
510,"Female","1964-09-01"
511,"Female","1960-05-28"
512,"Male","1984-10-03"
513,"Female","1970-11-14"
514,"M","1975-11-15"
515,"male","1985-06-08"
516,"M","1966-11-09"
517,"Male","1974-01-22"
518,"Male","1975-03-28"
519,"F","1987-05-27"
520,"M","1973-08-07"
521,"Female","1982-06-22"
522,"female","1981-10-18"
523,"M","1977-04-10"
524,"Male","1973-03-20"
525,"M","1981-01-16"
526,"Female","1966-03-16"
527,"M","1976-02-22"
528,"Male","1980-03-12"
529,"M","1970-11-27"
530,"female","1976-10-20"
531,"male","1980-10-21"
532,"M","1966-11-23"
533,"female","1988-11-21"
534,"female","1962-05-23"
535,"Male","1979-01-10"
536,"Female","1986-08-12"
537,"Female","1978-03-27"
538,"M","1985-02-13"
539,"male","1967-01-20"
540,"Male","1984-06-12"
541,"M","1972-02-15"
542,"male","1985-11-10"
543,"M","1984-11-18"
544,"Female","1986-06-12"
545,"Male","1983-05-29"
546,"Female","1973-03-23"
547,"Female","1990-03-21"
548,"male","1983-08-17"
549,"F","1968-02-02"
550,"female","1980-04-05"
551,"female","1983-07-23"
552,"F","1977-11-26"
553,"male","1973-06-13"
554,"female","1984-06-28"
555,"male","1983-04-03"
556,"female","1962-10-26"
557,"female","1989-09-09"
558,"female","1970-11-11"
559,"male","1979-10-29"
560,"male","1980-09-30"
561,"female","1978-04-23"
562,"F","1982-01-15"
563,"Female","1984-12-15"
564,"male","1981-09-08"
565,"Female","1978-12-22"
566,"female","1989-09-24"
567,"Female","1967-07-02"
568,"F","1983-01-30"
569,"F","1988-04-24"
570,"Female","1982-11-16"
571,"F","1981-07-04"
572,"F","1976-12-08"
573,"Male","1982-05-23"
574,"F","1974-02-25"
575,"M","1983-10-12"
576,"female","1972-05-24"
577,"M","1982-08-02"
578,"Male","1983-10-16"
579,"Male","1985-07-10"
580,"male","1979-04-08"
581,"Female","1968-11-12"
582,"F","1990-12-23"
583,"M","1989-01-12"
584,"female","1978-05-11"
585,"Male","1976-05-01"
586,"F","1987-05-22"
587,"Female","1973-04-18"
588,"Female","1977-01-19"
589,"female","1990-02-06"
590,"Male","1984-07-26"
591,"male","1978-09-08"
592,"M","1963-09-18"
593,"Female","1979-12-28"
594,"M","1978-10-12"
595,"F","1969-04-08"
596,"male","1990-03-14"
597,"F","1988-01-14"
598,"Female","1984-01-06"
599,"female","1967-03-26"
600,"Female","1975-09-30"
601,"Male","1964-04-29"
602,"Female","1963-03-28"
603,"M","1984-06-08"
604,"male","1976-12-31"
605,"Male","1975-05-06"
606,"male","1981-10-23"
607,"female","1970-07-19"
608,"F","1983-04-22"
609,"M","1980-01-15"
610,"Female","1974-04-29"
611,"male","1968-07-01"
612,"Female","1978-11-11"
613,"F","1978-02-28"
614,"Male","1980-05-17"
615,"Female","1980-01-23"
616,"M","1983-07-04"
617,"female","1981-09-20"
618,"M","1981-10-26"
619,"female","1985-12-26"
620,"Female","1982-01-18"
621,"Female","1976-12-25"
622,"male","1978-02-16"
623,"Male","1988-09-25"
624,"Female","1961-01-08"
625,"Female","1980-03-02"
626,"M","1985-09-08"
627,"male","1966-06-28"
628,"male","1969-03-28"
629,"female","1976-03-31"
630,"Female","1988-06-29"
631,"male","1972-05-04"
632,"Female","1989-06-17"
633,"Female","1987-09-15"
634,"female","1982-07-08"
635,"M","1990-10-09"
636,"Male","1968-12-09"
637,"male","1981-02-04"
638,"Female","1965-02-07"
639,"Female","1972-01-31"
640,"Male","1976-02-22"
641,"Male","1990-07-05"
642,"Male","1989-10-21"
643,"F","1986-11-02"
644,"Male","1984-05-07"
645,"female","1977-06-05"
646,"M","1990-05-26"
647,"female","1974-10-31"
648,"M","1982-01-05"
649,"female","1964-11-05"
650,"F","1988-01-02"
651,"female","1980-01-24"
652,"M","1984-12-21"
653,"Female","1983-08-18"
654,"Female","1970-12-29"
655,"Female","1961-01-19"
656,"female","1975-08-09"
657,"F","1971-03-21"
658,"female","1988-01-05"
659,"male","1981-06-13"
660,"Male","1985-02-21"
661,"M","1965-10-12"
662,"Male","1967-09-02"
663,"female","1956-12-24"
664,"male","1988-11-14"
665,"M","1978-04-18"
666,"Female","1989-10-06"
667,"M","1970-01-24"
668,"male","1984-02-16"
669,"M","1988-01-19"
670,"Male","1972-02-28"
671,"female","1977-01-25"
672,"M","1968-05-27"
673,"Female","1982-10-07"
674,"female","1969-10-04"
675,"F","1981-12-18"
676,"F","1953-04-21"
677,"F","1973-11-21"
678,"male","1979-11-06"
679,"Male","1974-07-16"
680,"male","1974-09-28"
681,"male","1962-07-03"
682,"male","1978-07-18"
683,"M","1986-07-02"
684,"F","1985-01-09"
685,"F","1981-05-10"
686,"Female","1985-05-31"
687,"F","1979-03-29"
688,"F","1985-04-30"
689,"F","1978-09-23"
690,"female","1988-11-27"
691,"M","1982-04-15"
692,"male","1972-08-24"
693,"F","1979-03-13"
694,"M","1985-06-01"
695,"male","1981-12-26"
696,"female","1984-02-28"
697,"Female","1968-06-24"
698,"F","1963-01-16"
699,"Female","1974-06-24"
700,"male","1952-10-06"
701,"M","1977-07-23"
702,"female","1982-05-27"
703,"Male","1987-10-20"
704,"Male","1979-04-11"
705,"male","1985-04-20"
706,"M","1979-06-12"
707,"male","1981-05-24"
708,"Male","1983-09-17"
709,"Male","1970-12-25"
710,"Female","1985-05-17"
711,"M","1971-10-20"
712,"M","1971-01-31"
713,"Male","1978-09-03"
714,"M","1968-07-04"
715,"Male","1975-01-23"
716,"F","1980-10-26"
717,"female","1984-05-01"
718,"F","1979-11-29"
719,"Male","1976-11-22"
720,"male","1982-08-06"
721,"male","1972-09-12"
722,"F","1970-02-15"
723,"male","1982-10-11"
724,"female","1988-07-18"
725,"male","1969-01-04"
726,"Female","1989-06-04"
727,"M","1974-03-17"
728,"Female","1988-11-19"
729,"female","1972-08-18"
730,"F","1982-09-29"
731,"F","1970-12-06"
732,"Male","1982-07-27"
733,"Female","1982-06-12"
734,"F","1972-11-19"
735,"Female","1981-11-16"
736,"Female","1984-03-07"
737,"male","1972-11-14"
738,"Male","1983-07-26"
739,"Male","1979-02-26"
740,"female","1970-05-27"
741,"Male","1987-03-21"
742,"Male","1981-07-01"
743,"Female","1961-04-18"
744,"female","1972-06-08"
745,"Male","1981-01-28"
746,"Female","1964-06-07"
747,"Female","1988-12-12"
748,"female","1977-03-20"
749,"female","1984-09-23"
750,"male","1985-12-21"
751,"male","1989-08-03"
752,"Male","1976-07-14"
753,"Female","1985-12-25"
754,"M","1989-01-16"
755,"male","1960-02-04"
756,"male","1964-09-21"
757,"male","1983-02-09"
758,"Female","1982-11-10"
759,"Female","1982-10-09"
760,"F","1950-04-18"
761,"male","1982-04-13"
762,"female","1987-05-19"
763,"female","1982-04-15"
764,"female","1985-06-09"
765,"M","1979-03-04"
766,"Male","1986-05-03"
767,"Male","1971-05-09"
768,"Male","1988-07-06"
769,"male","1978-08-02"
770,"M","1978-01-20"
771,"Female","1976-05-08"
772,"M","1978-01-03"
773,"male","1970-06-07"
774,"Male","1988-11-08"
775,"M","1989-02-22"
776,"male","1984-04-28"
777,"F","1980-11-28"
778,"M","1988-07-22"
779,"male","1979-03-18"
780,"Male","1979-12-20"
781,"Female","1979-10-17"
782,"Female","1983-12-13"
783,"F","1986-12-06"
784,"male","1968-10-30"
785,"male","1966-01-13"
786,"F","1980-01-19"
787,"Female","1972-03-28"
788,"M","1975-11-14"
789,"female","1987-03-02"
790,"female","1990-11-17"
791,"male","1961-04-26"
792,"M","1975-10-11"
793,"M","1972-11-30"
794,"Male","1980-12-22"
795,"male","1957-01-29"
796,"M","1987-09-13"
797,"male","1959-11-28"
798,"F","1983-04-02"
799,"female","1964-03-17"
800,"F","1982-01-24"
801,"male","1983-02-21"
802,"female","1986-09-22"
803,"M","1976-02-26"
804,"female","1984-10-09"
805,"female","1978-11-10"
806,"Female","1968-08-02"
807,"F","1979-02-19"
808,"Male","1988-10-27"
809,"F","1958-05-29"
810,"male","1983-12-13"
811,"F","1976-09-22"
812,"female","1990-12-05"
813,"F","1960-04-23"
814,"male","1984-08-02"
815,"F","1986-06-26"
816,"Female","1986-09-12"
817,"male","1982-03-12"
818,"M","1966-12-21"
819,"male","1979-01-16"
820,"Female","1966-02-06"
821,"Male","1983-07-22"
822,"female","1952-11-15"
823,"female","1987-09-23"
824,"Female","1979-12-22"
825,"M","1980-10-23"
826,"M","1989-04-27"
827,"F","1975-12-11"
828,"male","1983-02-12"
829,"female","1983-01-22"
830,"Male","1988-10-15"
831,"female","1987-09-23"
832,"male","1970-02-18"
833,"male","1980-01-13"
834,"male","1978-04-06"
835,"M","1986-12-30"
836,"male","1986-06-28"
837,"Male","1973-10-14"
838,"F","1988-09-14"
839,"Male","1970-04-19"
840,"F","1970-01-31"
841,"Male","1989-11-12"
842,"M","1988-12-28"
843,"male","1990-09-20"
844,"Male","1988-12-25"
845,"M","1989-01-17"
846,"female","1988-12-31"
847,"male","1988-03-02"
848,"Male","1948-10-14"
849,"M","1989-11-02"
850,"female","1977-12-24"
851,"female","1990-06-08"
852,"male","1988-03-28"
853,"Male","1977-12-08"
854,"Female","1989-02-05"
855,"Female","1970-04-23"
856,"M","1969-03-11"
857,"Male","1973-08-23"
858,"female","1977-04-04"
859,"M","1987-12-24"
860,"M","1984-02-16"
861,"F","1961-08-14"
862,"F","1982-07-24"
863,"male","1977-05-05"
864,"Male","1966-08-15"
865,"Male","1962-06-06"
866,"M","1977-01-30"
867,"Male","1981-05-10"
868,"Male","1958-11-11"
869,"female","1954-07-25"
870,"Female","1980-08-28"
871,"female","1965-08-13"
872,"Male","1989-05-22"
873,"M","1959-02-25"
874,"Male","1976-06-04"
875,"male","1980-09-01"
876,"Male","1988-05-11"
877,"female","1983-10-03"
878,"F","1978-07-10"
879,"M","1982-10-03"
880,"male","1971-02-24"
881,"M","1984-10-09"
882,"Male","1974-02-01"
883,"Male","1989-06-24"
884,"female","1973-10-01"
885,"male","1984-09-20"
886,"male","1965-03-26"
887,"Female","1981-06-05"
888,"male","1981-08-23"
889,"F","1955-04-23"
890,"F","1978-05-21"
891,"F","1988-04-20"
892,"M","1981-02-28"
893,"F","1972-11-28"
894,"male","1980-01-30"
895,"Male","1971-05-09"
896,"M","1989-05-05"
897,"M","1977-01-29"
898,"Male","1964-01-09"
899,"Female","1989-05-26"
900,"male","1976-02-07"
901,"Female","1973-08-23"
902,"male","1966-07-20"
903,"F","1988-02-05"
904,"F","1973-04-17"
905,"Female","1978-10-20"
906,"M","1972-07-10"
907,"F","1970-07-21"
908,"Male","1968-01-21"
909,"male","1987-06-21"
910,"Male","1986-04-11"
911,"F","1971-09-22"
912,"M","1959-04-10"
913,"male","1975-08-03"
914,"Female","1972-10-25"
915,"Male","1979-11-15"
916,"male","1986-07-10"
917,"Female","1978-03-02"
918,"male","1981-06-16"
919,"female","1983-04-22"
920,"F","1973-12-16"
921,"male","1982-08-27"
922,"female","1972-11-28"
923,"Female","1977-11-02"
924,"male","1982-02-05"
925,"F","1963-07-21"
926,"F","1977-09-09"
927,"male","1967-04-21"
928,"Female","1986-05-21"
929,"female","1985-12-31"
930,"Male","1969-08-02"
931,"female","1966-05-26"
932,"F","1977-04-28"
933,"M","1970-04-22"
934,"female","1980-09-27"
935,"Female","1978-03-26"
936,"Female","1981-09-30"
937,"female","1987-12-17"
938,"male","1972-12-26"
939,"M","1980-05-25"
940,"F","1980-02-20"
941,"Male","1975-07-24"
942,"Male","1979-10-28"
943,"male","1979-12-01"
944,"female","1974-02-08"
945,"Male","1945-07-20"
946,"M","1984-08-17"
947,"female","1964-08-01"
948,"Female","1982-09-12"
949,"M","1974-06-22"
950,"Female","1969-10-22"
951,"M","1979-08-03"
952,"M","1973-07-17"
953,"Male","1959-03-29"
954,"female","1972-01-10"
955,"M","1983-03-15"
956,"Male","1978-07-23"
957,"female","1967-12-29"
958,"M","1973-10-14"
959,"Male","1975-09-04"
960,"male","1983-11-28"
961,"Male","1982-03-28"
962,"male","1972-02-26"
963,"Female","1987-01-27"
964,"male","1973-04-14"
965,"Female","1969-02-23"
966,"Male","1971-05-08"
967,"F","1990-04-18"
968,"Male","1960-06-01"
969,"M","1969-02-14"
970,"Male","1971-04-09"
971,"female","1981-02-27"
972,"Male","1986-07-22"
973,"Female","1987-03-11"
974,"Male","1979-09-14"
975,"F","1983-06-28"
976,"male","1989-09-10"
977,"male","1985-06-04"
978,"F","1964-06-16"
979,"M","1983-05-02"
980,"male","1983-09-11"
981,"Female","1970-10-04"
982,"F","1983-02-15"
983,"M","1978-10-10"
984,"Female","1972-05-13"
985,"male","1988-10-10"
986,"Female","1962-11-03"
987,"Female","1973-01-08"
988,"F","1969-07-05"
989,"female","1983-10-26"
990,"female","1972-12-11"
991,"male","1977-11-18"
992,"F","1989-12-13"
993,"Female","1979-06-12"
994,"male","1984-05-24"
995,"female","1974-07-02"
996,"female","1986-11-20"
997,"Female","1982-11-15"
998,"male","1982-12-13"
999,"Male","1980-03-24"
1000,"male","1989-05-01"
